,2020-12-31,2021-03-31,2021-06-30,2021-09-30,2021-12-31,2022-03-31,2022-06-30,2022-09-30,2022-12-31,2023-03-31,2023-06-30,2023-09-30,2023-12-31,2024-03-31
us-gaap_AssetsCurrentAbstract,0.0,0.0,0.0,0.0,,,,,,,,,,
"Cash and Cash Equivalents, at Carrying Value",15571.0,,,245770.0,109256.0,91592.0,72531.0,59443.0,47196.0,46952.0,43144.0,29936.0,29144.0,51985.0
"Marketable Securities, Current",,,,,0.0,,20556.0,22398.0,23084.0,25660.0,21083.0,20157.0,11726.0,12003.0
"Accounts Receivable, after Allowance for Credit Loss, Current",3738.0,,,6456.0,10163.0,7821.0,16417.0,16063.0,13864.0,13855.0,20462.0,18660.0,9911.0,12346.0
"Contract with Customer, Asset, after Allowance for Credit Loss, Current",853.0,,,1089.0,2084.0,3630.0,4402.0,3360.0,3353.0,4213.0,4899.0,4489.0,6215.0,5205.0
"Other Assets, Current",2112.0,,,10227.0,10071.0,8451.0,6465.0,8192.0,9279.0,8949.0,8176.0,8401.0,12340.0,12241.0
"Assets, Current",22274.0,1084373.0,588441.0,276343.0,131574.0,111494.0,120371.0,109456.0,96776.0,99629.0,97764.0,81643.0,69336.0,93780.0
"Property, Plant and Equipment, Net",20458.0,,,25855.0,48704.0,52071.0,55073.0,52708.0,53752.0,58147.0,62964.0,69610.0,71209.0,71853.0
"Operating Lease, Right-of-Use Asset",,,,,0.0,11003.0,10072.0,9204.0,11687.0,12549.0,13614.0,14317.0,14921.0,14324.0
Goodwill,,,,,53627.0,54245.0,52538.0,49537.0,49954.0,50039.0,51137.0,49913.0,51155.0,50051.0
spir_CustomerRelationshipsNoncurrent,,,,,24388.0,24091.0,22833.0,21057.0,20814.0,20373.0,20332.0,19369.0,19363.0,18467.0
"Other Intangible Assets, Net",,,,,19765.0,18707.0,16920.0,14717.0,13967.0,13590.0,13469.0,12758.0,12660.0,11994.0
spir_OtherLongTermAssetsIncludingRestrictedCash,,,,,12136.0,11767.0,11114.0,9936.0,9562.0,9175.0,9083.0,8399.0,8181.0,7503.0
Assets,44422.0,231102459.0,230614874.0,303563.0,290194.0,283378.0,288921.0,266615.0,256512.0,263502.0,268363.0,256009.0,246825.0,267972.0
"Accounts Payable, Current",1775.0,,,4738.0,5824.0,7220.0,4380.0,5680.0,4800.0,6517.0,4294.0,4620.0,8012.0,5869.0
"Employee-related Liabilities, Current",1590.0,,,1865.0,5646.0,4597.0,3766.0,4991.0,4502.0,4861.0,4982.0,5726.0,1829.0,2147.0
"Contract with Customer, Liability, Current",8110.0,,,10331.0,8627.0,6483.0,12080.0,14244.0,15856.0,17444.0,21854.0,22763.0,23165.0,22617.0
"Accrued Liabilities, Current",,,,,4823.0,7742.0,8301.0,7881.0,8210.0,7596.0,9317.0,9650.0,8540.0,11309.0
"Liabilities, Current",13288.0,1456911.0,2007379.0,45483.0,24920.0,26042.0,28527.0,32796.0,33368.0,36418.0,40447.0,42759.0,41546.0,41942.0
"Long-term Debt, Excluding Current Maturities",26645.0,,,45221.0,51124.0,52682.0,96921.0,97070.0,98475.0,119035.0,119790.0,117635.0,114113.0,115016.0
"Business Combination, Contingent Consideration, Liability, Noncurrent",0.0,,,77131.0,10026.0,10852.0,10672.0,429.0,349.0,273.0,145.0,132.0,220.0,265.0
"Deferred Income Tax Liabilities, Net",338.0,,,287.0,835.0,813.0,757.0,700.0,771.0,794.0,817.0,780.0,1069.0,1058.0
"Derivative Liability, Noncurrent",,,,,11482.0,5647.0,5328.0,4046.0,1831.0,1066.0,709.0,3407.0,5988.0,10672.0
"Operating Lease, Liability, Noncurrent",,,,,0.0,10089.0,9444.0,8693.0,10815.0,11523.0,12509.0,13049.0,13079.0,12488.0
"Other Liabilities, Noncurrent",,,,,1600.0,1761.0,1148.0,541.0,780.0,556.0,413.0,761.0,272.0,1221.0
Liabilities,93158.0,38104911.0,41289379.0,200274.0,99987.0,107886.0,152797.0,144275.0,146389.0,169665.0,174830.0,178523.0,176287.0,182662.0
"Common Stock, Value, Issued",2.0,995.0,1032.0,15.0,15.0,15.0,15.0,15.0,16.0,16.0,18.0,2.0,2.0,3.0
Additional Paid in Capital,10131.0,,,393872.0,438696.0,421502.0,424884.0,448105.0,455751.0,458683.0,470309.0,473854.0,477624.0,519400.0
"Accumulated Other Comprehensive Income (Loss), Net of Tax",-982.0,,,-191.0,732.0,2591.0,296.0,-4676.0,-6997.0,-8542.0,-4208.0,-5989.0,-4485.0,-6234.0
Retained Earnings (Accumulated Deficit),-211146.0,-15042036.0,-18714089.0,-290407.0,-249236.0,-248616.0,-289071.0,-321104.0,-338647.0,-356320.0,-372586.0,-390381.0,-402603.0,-427859.0
Stockholders' Equity Attributable to Parent,-48736.0,5000001.0,5000004.0,103289.0,190207.0,175492.0,136124.0,122340.0,110123.0,93837.0,93533.0,77486.0,70538.0,85310.0
"Restricted Cash, Current",0.0,,,12801.0,,,,,,,,,,
nsh_OtherLongTermAssetsIncludingRestrictedCash,1690.0,,,1365.0,,,,,,,,,,
"Derivative Liability, Current",0.0,,,22582.0,,,,,,,,,,
"Other Accrued Liabilities, Current",1813.0,,,5967.0,,,,,,,,,,
nsh_ConvertibleNotesPayableNet,48631.0,,,0.0,,,,,,,,,,
nsh_WarrantLiability,4007.0,,,30770.0,,,,,,,,,,
nsh_OtherLongtermLiabilities,249.0,,,1382.0,,,,,,,,,,
us-gaap_PreferredStockValue,153259.0,,,0.0,,,,,,,,,,
Cash,,851069.0,401595.0,,,,,,,,,,,
"Prepaid Expense and Other Assets, Current",,233304.0,186846.0,,,,,,,,,,,
"Assets Held-in-trust, Noncurrent",,230018086.0,230026433.0,,,,,,,,,,,
"Accounts Payable and Accrued Liabilities, Current",,1330067.0,1955535.0,,,,,,,,,,,
nshu_AccruedOfferingCostsCurrent,,126844.0,51844.0,,,,,,,,,,,
nshu_DeferredUnderwritingFeePayableNoncurrent,,8050000.0,8050000.0,,,,,,,,,,,
nshu_WarrantLiabilitiesNoncurrent,,28598000.0,31232000.0,,,,,,,,,,,
"Temporary Equity, Carrying Amount, Attributable to Parent",,187997547.0,184325491.0,,,,,,,,,,,
"Additional Paid in Capital, Common Stock",,20041042.0,23713061.0,,,,,,,,,,,
